[
  {
    "id": "63adf319-ea57-4492-bfde-69785933f053",
    "data": [
      {
        "text": "begin study",
        "userDefined": false
      }
    ],
    "isTemplate": false,
    "count": 0,
    "updated": 1523589031
  },
  {
    "id": "c13ed3e8-df8d-4cb4-8fa0-4ad415ad6520",
    "data": [
      {
        "text": "start study",
        "userDefined": false
      }
    ],
    "isTemplate": false,
    "count": 0,
    "updated": 1523589031
  },
  {
    "id": "71ea341b-e522-4596-a1a0-61ee068da9d1",
    "data": [
      {
        "text": "start the study",
        "userDefined": false
      }
    ],
    "isTemplate": false,
    "count": 0,
    "updated": 1523589031
  },
  {
    "id": "cf782374-e57c-42b6-b9cb-2170b9f36c29",
    "data": [
      {
        "text": "Ok",
        "meta": "@sys.ignore",
        "userDefined": false
      },
      {
        "text": " Snowy begin study",
        "userDefined": false
      }
    ],
    "isTemplate": false,
    "count": 0,
    "updated": 1523589031
  },
  {
    "id": "045e64af-2499-4ee0-9295-e28ea896a1d4",
    "data": [
      {
        "text": "Snowy begin study",
        "userDefined": false
      }
    ],
    "isTemplate": false,
    "count": 0,
    "updated": 1523589031
  }
]