[
  {
    "id": "ff8bd31e-9e5a-461b-ab38-a7e025a0b2d1",
    "data": [
      {
        "text": "more information",
        "userDefined": false
      }
    ],
    "isTemplate": false,
    "count": 0,
    "updated": 1523490198
  },
  {
    "id": "bb7fff63-a07e-4de2-ba5b-fa47d613c743",
    "data": [
      {
        "text": "other results",
        "userDefined": false
      }
    ],
    "isTemplate": false,
    "count": 0,
    "updated": 1523490198
  },
  {
    "id": "2dfc16e3-90f1-48f6-a08b-3a8bafd61e68",
    "data": [
      {
        "text": "what else",
        "userDefined": false
      }
    ],
    "isTemplate": false,
    "count": 0,
    "updated": 1523490198
  },
  {
    "id": "7e1bf0c2-4b2c-41dc-a0d4-0e7028f13d26",
    "data": [
      {
        "text": "are there more",
        "userDefined": false
      }
    ],
    "isTemplate": false,
    "count": 0,
    "updated": 1523490198
  },
  {
    "id": "f8b146fe-8b48-4f6a-9b73-9a4a6f39a764",
    "data": [
      {
        "text": "anything else",
        "userDefined": false
      }
    ],
    "isTemplate": false,
    "count": 0,
    "updated": 1523490198
  },
  {
    "id": "4f3689ce-2683-424b-9398-f1b1d7c5b277",
    "data": [
      {
        "text": "show me more",
        "userDefined": false
      }
    ],
    "isTemplate": false,
    "count": 0,
    "updated": 1523490198
  },
  {
    "id": "37f60831-8598-48df-ba65-457fdeff5b72",
    "data": [
      {
        "text": "more results",
        "userDefined": false
      }
    ],
    "isTemplate": false,
    "count": 0,
    "updated": 1523490198
  },
  {
    "id": "47f292c2-e214-4444-8c65-53f8a935fbe1",
    "data": [
      {
        "text": "more",
        "userDefined": false
      }
    ],
    "isTemplate": false,
    "count": 1,
    "updated": 0
  },
  {
    "id": "d070a412-019f-4ef0-a7ab-b6248f231343",
    "data": [
      {
        "text": "tell me more",
        "userDefined": false
      }
    ],
    "isTemplate": false,
    "count": 0,
    "updated": 1523490198
  }
]