[
  {
    "id": "a8d34ebf-af13-4fee-860b-36d2a657de11",
    "data": [
      {
        "text": "Well",
        "alias": "band_mimicry",
        "meta": "@band_mimicry",
        "userDefined": false
      },
      {
        "text": " ",
        "userDefined": false
      },
      {
        "text": "Band A",
        "alias": "user_band",
        "meta": "@user_band",
        "userDefined": false
      },
      {
        "text": " ",
        "userDefined": false
      },
      {
        "text": "because",
        "alias": "causation",
        "meta": "@causation",
        "userDefined": false
      }
    ],
    "isTemplate": false,
    "count": 0,
    "updated": 1523669225
  },
  {
    "id": "c9e16c7a-6431-4fd3-b3b8-ec4642de6bf1",
    "data": [
      {
        "text": "Band A",
        "alias": "user_band",
        "meta": "@user_band",
        "userDefined": false
      }
    ],
    "isTemplate": false,
    "count": 0,
    "updated": 1523490696
  },
  {
    "id": "00b3b9bd-dbe0-4554-ab89-b8c8325ed089",
    "data": [
      {
        "text": "Well",
        "alias": "band_mimicry",
        "meta": "@band_mimicry",
        "userDefined": false
      },
      {
        "text": ", ",
        "userDefined": false
      },
      {
        "text": "Band A",
        "alias": "user_band",
        "meta": "@user_band",
        "userDefined": false
      },
      {
        "text": " sounds most appealing to me",
        "userDefined": false
      }
    ],
    "isTemplate": false,
    "count": 0,
    "updated": 1523490696
  },
  {
    "id": "b36fa376-3296-40f3-954b-c9058e43e9ae",
    "data": [
      {
        "text": "Well",
        "alias": "band_mimicry",
        "meta": "@band_mimicry",
        "userDefined": false
      },
      {
        "text": " ",
        "userDefined": false
      },
      {
        "text": "Band A",
        "alias": "user_band",
        "meta": "@user_band",
        "userDefined": false
      }
    ],
    "isTemplate": false,
    "count": 0,
    "updated": 1523490696
  },
  {
    "id": "9e6bf341-c82e-4cd9-a658-4fb15f99817c",
    "data": [
      {
        "text": "Band A",
        "alias": "user_band",
        "meta": "@user_band",
        "userDefined": false
      },
      {
        "text": " ",
        "userDefined": false
      },
      {
        "text": "because",
        "alias": "causation",
        "meta": "@causation",
        "userDefined": false
      }
    ],
    "isTemplate": false,
    "count": 0,
    "updated": 1523669225
  },
  {
    "id": "b40281c2-0fd5-42fb-95f6-cadf68081905",
    "data": [
      {
        "text": "Band A",
        "alias": "user_band",
        "meta": "@user_band",
        "userDefined": false
      },
      {
        "text": " sounds most appealing to me",
        "userDefined": false
      }
    ],
    "isTemplate": false,
    "count": 0,
    "updated": 1523490696
  }
]