[
  {
    "id": "17cec22c-2c50-4da8-85a2-c03809086992",
    "data": [
      {
        "text": "Ready for the band",
        "userDefined": false
      }
    ],
    "isTemplate": false,
    "count": 0,
    "updated": 1523851451
  },
  {
    "id": "cf233a6a-e0fe-447a-b639-35f0aaf1cd5b",
    "data": [
      {
        "text": "I\u0027m ready to hear about the bands",
        "userDefined": false
      }
    ],
    "isTemplate": false,
    "count": 0,
    "updated": 1523851451
  },
  {
    "id": "ea426a0b-c783-48d3-a2cb-be3844d22604",
    "data": [
      {
        "text": "I am ready for the band",
        "userDefined": false
      }
    ],
    "isTemplate": false,
    "count": 0,
    "updated": 1523851451
  },
  {
    "id": "269e549a-3859-4e5d-ae58-cde7062404af",
    "data": [
      {
        "text": "I\u0027m ready for the band",
        "userDefined": false
      }
    ],
    "isTemplate": false,
    "count": 0,
    "updated": 1523851451
  },
  {
    "id": "27ad3840-1f3e-42c5-8d8f-77ce6a1f82c9",
    "data": [
      {
        "text": "Ready for band",
        "userDefined": false
      }
    ],
    "isTemplate": false,
    "count": 0,
    "updated": 1523851451
  },
  {
    "id": "e5dc2c47-4119-4017-9ce2-0af43a0cc0f3",
    "data": [
      {
        "text": "Ready to hear about the bands",
        "userDefined": false
      }
    ],
    "isTemplate": false,
    "count": 0,
    "updated": 1523851451
  }
]