[
  {
    "id": "306ba1f9-6cf6-49bc-bd8f-ec98496f9dd8",
    "data": [
      {
        "text": "are there more",
        "userDefined": false
      }
    ],
    "isTemplate": false,
    "count": 0,
    "updated": 1524704290
  },
  {
    "id": "c3d98299-1892-4e3f-8849-b66c4de4e10a",
    "data": [
      {
        "text": "more",
        "userDefined": false
      }
    ],
    "isTemplate": false,
    "count": 1,
    "updated": 1524704290
  },
  {
    "id": "131e4fe7-f773-4324-8384-df1058691e22",
    "data": [
      {
        "text": "tell me more",
        "userDefined": false
      }
    ],
    "isTemplate": false,
    "count": 0,
    "updated": 1524704290
  },
  {
    "id": "a4c3b1b1-2811-4056-9cfc-6974a582a497",
    "data": [
      {
        "text": "more results",
        "userDefined": false
      }
    ],
    "isTemplate": false,
    "count": 0,
    "updated": 1524704290
  },
  {
    "id": "3822e34e-e760-4acb-a960-236010df1dab",
    "data": [
      {
        "text": "show me more",
        "userDefined": false
      }
    ],
    "isTemplate": false,
    "count": 0,
    "updated": 1524704290
  },
  {
    "id": "4ad9b747-718f-4b22-a4b5-93a44606974e",
    "data": [
      {
        "text": "what else",
        "userDefined": false
      }
    ],
    "isTemplate": false,
    "count": 0,
    "updated": 1524704290
  },
  {
    "id": "43824ab4-a3ae-4d11-8651-4325e6a81f98",
    "data": [
      {
        "text": "more information",
        "userDefined": false
      }
    ],
    "isTemplate": false,
    "count": 0,
    "updated": 1524704290
  },
  {
    "id": "c177be91-c522-4618-b55e-5ffb4666ebb1",
    "data": [
      {
        "text": "anything else",
        "userDefined": false
      }
    ],
    "isTemplate": false,
    "count": 0,
    "updated": 1524704290
  },
  {
    "id": "67b85db5-5901-435f-ab39-a8581e207677",
    "data": [
      {
        "text": "other results",
        "userDefined": false
      }
    ],
    "isTemplate": false,
    "count": 0,
    "updated": 1524704290
  }
]