[
  {
    "id": "da78fe2e-2de0-4102-85ee-56b9c5c88aa7",
    "data": [
      {
        "text": "yeah",
        "meta": "@sys.ignore",
        "userDefined": false
      }
    ],
    "isTemplate": false,
    "count": 0,
    "updated": 1525471458
  },
  {
    "id": "2eb7b8a2-af31-405b-8b36-c6cb58d1904e",
    "data": [
      {
        "text": "yes",
        "userDefined": false
      }
    ],
    "isTemplate": false,
    "count": 0,
    "updated": 1525471458
  },
  {
    "id": "68dbb139-71af-4d27-8386-985c935dd615",
    "data": [
      {
        "text": "I don\u0027t mind",
        "userDefined": false
      }
    ],
    "isTemplate": false,
    "count": 0,
    "updated": 1525471458
  },
  {
    "id": "c77d2957-6cca-4afe-98a4-183f5dceec50",
    "data": [
      {
        "text": "of course",
        "userDefined": false
      }
    ],
    "isTemplate": false,
    "count": 0,
    "updated": 1525471458
  },
  {
    "id": "1b2013b8-11ff-40ba-810d-3e38396d0350",
    "data": [
      {
        "text": "I agree",
        "userDefined": false
      }
    ],
    "isTemplate": false,
    "count": 1,
    "updated": 1525471458
  },
  {
    "id": "38365a3e-8df3-41c5-ba9f-8175b6499353",
    "data": [
      {
        "text": "sounds good",
        "userDefined": false
      }
    ],
    "isTemplate": false,
    "count": 0,
    "updated": 1525471458
  },
  {
    "id": "a120a2f5-842a-4bd1-a0b2-e90395bc86a3",
    "data": [
      {
        "text": "okay",
        "userDefined": false
      }
    ],
    "isTemplate": false,
    "count": 0,
    "updated": 1525471458
  },
  {
    "id": "4c637c83-4b9b-4099-a78a-5e424226068a",
    "data": [
      {
        "text": "do it",
        "userDefined": false
      }
    ],
    "isTemplate": false,
    "count": 1,
    "updated": 1525471458
  },
  {
    "id": "28a0335a-5d7e-4433-bce5-1d710b0c2a15",
    "data": [
      {
        "text": "confirm",
        "userDefined": false
      }
    ],
    "isTemplate": false,
    "count": 1,
    "updated": 1525471458
  },
  {
    "id": "a68753d2-255c-444b-8858-245ca4e12ed6",
    "data": [
      {
        "text": "ok",
        "userDefined": false
      }
    ],
    "isTemplate": false,
    "count": 0,
    "updated": 1525471458
  },
  {
    "id": "60ade079-33db-40cd-9064-6019e0148a42",
    "data": [
      {
        "text": "that\u0027s correct",
        "userDefined": false
      }
    ],
    "isTemplate": false,
    "count": 0,
    "updated": 1525471458
  },
  {
    "id": "4064b400-4acc-47a2-8298-e3ee184b75a3",
    "data": [
      {
        "text": "sure",
        "userDefined": false
      }
    ],
    "isTemplate": false,
    "count": 2,
    "updated": 1525471458
  },
  {
    "id": "1d7541d6-8299-46a1-a2b0-47abd7817355",
    "data": [
      {
        "text": "exactly",
        "userDefined": false
      }
    ],
    "isTemplate": false,
    "count": 0,
    "updated": 1525471458
  }
]