[
  {
    "id": "93cab0b3-50c9-41e6-b728-f66a93e532fe",
    "data": [
      {
        "text": "unpleasant",
        "alias": "day_feeling",
        "meta": "@day_feeling",
        "userDefined": false
      }
    ],
    "isTemplate": false,
    "count": 0,
    "updated": 1523930205
  },
  {
    "id": "c0bd3f57-9e3f-4cba-a579-f52dbe34681c",
    "data": [
      {
        "text": "not that well",
        "alias": "day_feeling",
        "meta": "@day_feeling",
        "userDefined": true
      }
    ],
    "isTemplate": false,
    "count": 0,
    "updated": 1523930205
  },
  {
    "id": "112df006-128f-4779-8566-23b8411750b0",
    "data": [
      {
        "text": "I\u0027d say",
        "alias": "band_mimicry",
        "meta": "@band_mimicry",
        "userDefined": true
      },
      {
        "text": " ",
        "userDefined": false
      },
      {
        "text": "pretty bad",
        "alias": "day_feeling",
        "meta": "@day_feeling",
        "userDefined": false
      }
    ],
    "isTemplate": false,
    "count": 0,
    "updated": 1523930205
  },
  {
    "id": "c57c1114-e5f5-45c9-a5f7-7335bb2c404b",
    "data": [
      {
        "text": "not good",
        "alias": "day_feeling",
        "meta": "@day_feeling",
        "userDefined": false
      }
    ],
    "isTemplate": false,
    "count": 0,
    "updated": 1523930205
  },
  {
    "id": "a5a84c56-9246-44b0-97f0-a8e8ffac688a",
    "data": [
      {
        "text": "not well",
        "alias": "day_feeling",
        "meta": "@day_feeling",
        "userDefined": true
      },
      {
        "text": " so far",
        "userDefined": false
      }
    ],
    "isTemplate": false,
    "count": 0,
    "updated": 1523930205
  },
  {
    "id": "58f5df20-065c-4c16-9c05-68b8689cefc5",
    "data": [
      {
        "text": "horrible",
        "alias": "day_feeling",
        "meta": "@day_feeling",
        "userDefined": false
      }
    ],
    "isTemplate": false,
    "count": 0,
    "updated": 1523930205
  },
  {
    "id": "647db61c-925e-477d-b0ac-af873b4d8d72",
    "data": [
      {
        "text": "well",
        "alias": "band_mimicry",
        "meta": "@band_mimicry",
        "userDefined": false
      },
      {
        "text": " ",
        "userDefined": false
      },
      {
        "text": "bad",
        "alias": "day_feeling",
        "meta": "@day_feeling",
        "userDefined": false
      }
    ],
    "isTemplate": false,
    "count": 0,
    "updated": 1523930205
  },
  {
    "id": "0a3c3c7b-9473-42b7-b899-45085792d3b3",
    "data": [
      {
        "text": "so ",
        "userDefined": false
      },
      {
        "text": "bad",
        "alias": "day_feeling",
        "meta": "@day_feeling",
        "userDefined": false
      }
    ],
    "isTemplate": false,
    "count": 0,
    "updated": 1523930205
  },
  {
    "id": "f449d4f7-0ed7-47f6-a6f6-2c87e9eb3e93",
    "data": [
      {
        "text": "terrible",
        "alias": "day_feeling",
        "meta": "@day_feeling",
        "userDefined": true
      }
    ],
    "isTemplate": false,
    "count": 1,
    "updated": 1523930205
  },
  {
    "id": "9a76e97f-319c-4d50-b862-620b49cf992b",
    "data": [
      {
        "text": "not great",
        "alias": "day_feeling",
        "meta": "@day_feeling",
        "userDefined": true
      }
    ],
    "isTemplate": false,
    "count": 1,
    "updated": 1523930205
  },
  {
    "id": "32f10185-7c68-4e5c-b67f-0fc9459c4e57",
    "data": [
      {
        "text": "it\u0027s ",
        "userDefined": false
      },
      {
        "text": "terrible",
        "alias": "day_feeling",
        "meta": "@day_feeling",
        "userDefined": false
      }
    ],
    "isTemplate": false,
    "count": 1,
    "updated": 1523930205
  },
  {
    "id": "3dac088f-ad51-4f81-8935-99c212726050",
    "data": [
      {
        "text": "bad",
        "alias": "day_feeling",
        "meta": "@day_feeling",
        "userDefined": false
      }
    ],
    "isTemplate": false,
    "count": 1,
    "updated": 1523930205
  },
  {
    "id": "8636cf8f-03da-4851-9f02-217b4bf750d6",
    "data": [
      {
        "text": "bad",
        "alias": "day_feeling",
        "meta": "@day_feeling",
        "userDefined": false
      },
      {
        "text": " so far",
        "userDefined": false
      }
    ],
    "isTemplate": false,
    "count": 0,
    "updated": 1523930205
  },
  {
    "id": "097e559a-fc8d-4a28-9675-efe9191e448c",
    "data": [
      {
        "text": "not too good",
        "alias": "day_feeling",
        "meta": "@day_feeling",
        "userDefined": true
      }
    ],
    "isTemplate": false,
    "count": 0,
    "updated": 1523930205
  },
  {
    "id": "7a4ff04f-655d-4d23-a0fb-d71a5862f74b",
    "data": [
      {
        "text": "bad",
        "meta": "@sys.ignore",
        "userDefined": false
      },
      {
        "text": ", ",
        "userDefined": false
      },
      {
        "text": "tiring",
        "alias": "day_feeling",
        "meta": "@day_feeling",
        "userDefined": true
      }
    ],
    "isTemplate": false,
    "count": 0,
    "updated": 1523930205
  }
]