[
  {
    "id": "b2635fa8-d45d-4376-8569-f8b46fe1968b",
    "data": [
      {
        "text": "nice",
        "alias": "day_feeling",
        "meta": "@day_feeling",
        "userDefined": true
      }
    ],
    "isTemplate": false,
    "count": 1,
    "updated": 1523929592
  },
  {
    "id": "f33f79d0-c466-488b-bbb0-329f0856315d",
    "data": [
      {
        "text": "pretty good",
        "alias": "day_feeling",
        "meta": "@day_feeling",
        "userDefined": false
      }
    ],
    "isTemplate": false,
    "count": 0,
    "updated": 1524160280
  },
  {
    "id": "9ca04204-b0e8-4b29-b816-826e8fb813e3",
    "data": [
      {
        "text": "it\u0027s ",
        "userDefined": false
      },
      {
        "text": "lovely",
        "alias": "day_feeling",
        "meta": "@day_feeling",
        "userDefined": false
      }
    ],
    "isTemplate": false,
    "count": 0,
    "updated": 1523930141
  },
  {
    "id": "d778aacf-c377-4af1-86d0-6fe2797c6db6",
    "data": [
      {
        "text": "not too bad",
        "alias": "day_feeling",
        "meta": "@day_feeling",
        "userDefined": true
      }
    ],
    "isTemplate": false,
    "count": 1,
    "updated": 1523929592
  },
  {
    "id": "43b3ea61-8ed4-439d-abfe-5a60e401f4a9",
    "data": [
      {
        "text": "wonderful",
        "alias": "day_feeling",
        "meta": "@day_feeling",
        "userDefined": true
      },
      {
        "text": " so far",
        "userDefined": false
      }
    ],
    "isTemplate": false,
    "count": 0,
    "updated": 1523929592
  },
  {
    "id": "2f3954c5-daeb-42e7-8499-9c5d9357b245",
    "data": [
      {
        "text": "sunny",
        "alias": "day_feeling",
        "meta": "@day_feeling",
        "userDefined": true
      }
    ],
    "isTemplate": false,
    "count": 0,
    "updated": 1524160280
  },
  {
    "id": "42291190-770a-47fa-8bf6-33c731835b5f",
    "data": [
      {
        "text": "warm",
        "alias": "day_feeling",
        "meta": "@day_feeling",
        "userDefined": true
      }
    ],
    "isTemplate": false,
    "count": 0,
    "updated": 1524160280
  },
  {
    "id": "c8d235f4-1a23-44a6-a25c-fae330725db0",
    "data": [
      {
        "text": "wonderful",
        "alias": "day_feeling",
        "meta": "@day_feeling",
        "userDefined": true
      }
    ],
    "isTemplate": false,
    "count": 0,
    "updated": 1523929592
  },
  {
    "id": "7323a9a3-2f09-4589-8590-2cce564d6758",
    "data": [
      {
        "text": "not bad",
        "alias": "day_feeling",
        "meta": "@day_feeling",
        "userDefined": true
      }
    ],
    "isTemplate": false,
    "count": 0,
    "updated": 1523929592
  },
  {
    "id": "66c6c1ec-90c8-4f37-82a7-32b383f4e558",
    "data": [
      {
        "text": "my day is ",
        "userDefined": false
      },
      {
        "text": "good",
        "alias": "day_feeling",
        "meta": "@day_feeling",
        "userDefined": false
      }
    ],
    "isTemplate": false,
    "count": 0,
    "updated": 1523929592
  },
  {
    "id": "46549ba7-6d9e-46f0-b85d-d0822a648780",
    "data": [
      {
        "text": "good",
        "alias": "day_feeling",
        "meta": "@day_feeling",
        "userDefined": true
      }
    ],
    "isTemplate": false,
    "count": 1,
    "updated": 1523929592
  },
  {
    "id": "0f395815-cccc-4929-ad8f-f97f6a840423",
    "data": [
      {
        "text": "pretty nice",
        "alias": "day_feeling",
        "meta": "@day_feeling",
        "userDefined": false
      }
    ],
    "isTemplate": false,
    "count": 0,
    "updated": 1524160280
  },
  {
    "id": "03237744-ab46-4f23-97b3-f48933c6df27",
    "data": [
      {
        "text": "fine",
        "alias": "day_feeling",
        "meta": "@day_feeling",
        "userDefined": true
      }
    ],
    "isTemplate": false,
    "count": 0,
    "updated": 1523929592
  },
  {
    "id": "b048044f-5b3b-4070-878e-6325875e4241",
    "data": [
      {
        "text": "It\u0027s ",
        "userDefined": false
      },
      {
        "text": "alright",
        "alias": "day_feeling",
        "meta": "@day_feeling",
        "userDefined": true
      }
    ],
    "isTemplate": false,
    "count": 0,
    "updated": 1523929592
  },
  {
    "id": "7f6facff-f648-4232-87d8-ae4e9cbf863c",
    "data": [
      {
        "text": "Well",
        "alias": "band_mimicry",
        "meta": "@band_mimicry",
        "userDefined": false
      },
      {
        "text": ", ",
        "userDefined": false
      },
      {
        "text": "not bad",
        "alias": "day_feeling",
        "meta": "@day_feeling",
        "userDefined": false
      }
    ],
    "isTemplate": false,
    "count": 0,
    "updated": 1523929592
  },
  {
    "id": "f6644051-63a1-4648-b5ac-4e86c2f9684f",
    "data": [
      {
        "text": "great",
        "alias": "day_feeling",
        "meta": "@day_feeling",
        "userDefined": false
      },
      {
        "text": " so far",
        "userDefined": false
      }
    ],
    "isTemplate": false,
    "count": 0,
    "updated": 1523929592
  },
  {
    "id": "0ed5e75e-5279-41b9-9a17-b94c525309dc",
    "data": [
      {
        "text": "weather is ",
        "userDefined": false
      },
      {
        "text": "great",
        "alias": "day_feeling",
        "meta": "@day_feeling",
        "userDefined": true
      },
      {
        "text": " ",
        "userDefined": false
      },
      {
        "text": "because",
        "alias": "causation",
        "meta": "@causation",
        "userDefined": false
      },
      {
        "text": " its nice outside",
        "userDefined": false
      }
    ],
    "isTemplate": false,
    "count": 1,
    "updated": 1523929592
  },
  {
    "id": "b560ce93-9b8e-404b-a624-78fe24db5177",
    "data": [
      {
        "text": "well,",
        "alias": "band_mimicry",
        "meta": "@band_mimicry",
        "userDefined": false
      },
      {
        "text": " ",
        "userDefined": false
      },
      {
        "text": "not that bad",
        "alias": "day_feeling",
        "meta": "@day_feeling",
        "userDefined": false
      }
    ],
    "isTemplate": false,
    "count": 0,
    "updated": 1523929592
  },
  {
    "id": "d63c910b-f49c-4328-823e-864043776fc0",
    "data": [
      {
        "text": "Good",
        "alias": "day_feeling",
        "meta": "@day_feeling",
        "userDefined": false
      }
    ],
    "isTemplate": false,
    "count": 0,
    "updated": 1523929592
  },
  {
    "id": "edc8e704-21c6-4746-932f-4263eb09c278",
    "data": [
      {
        "text": "It\u0027s ",
        "userDefined": false
      },
      {
        "text": "wonderful",
        "alias": "day_feeling",
        "meta": "@day_feeling",
        "userDefined": true
      }
    ],
    "isTemplate": false,
    "count": 0,
    "updated": 1523929592
  },
  {
    "id": "a925cbc3-0f5c-4430-a0c7-da2d24339a46",
    "data": [
      {
        "text": "alright",
        "alias": "day_feeling",
        "meta": "@day_feeling",
        "userDefined": true
      }
    ],
    "isTemplate": false,
    "count": 0,
    "updated": 1523929592
  },
  {
    "id": "81b66d53-86e6-4241-a000-ca4e9359ad1b",
    "data": [
      {
        "text": "It\u0027s ",
        "userDefined": false
      },
      {
        "text": "great",
        "alias": "day_feeling",
        "meta": "@day_feeling",
        "userDefined": true
      }
    ],
    "isTemplate": false,
    "count": 0,
    "updated": 1523929592
  },
  {
    "id": "00388f36-bd69-4612-8c4d-0a35abccbb80",
    "data": [
      {
        "text": "great",
        "alias": "day_feeling",
        "meta": "@day_feeling",
        "userDefined": true
      }
    ],
    "isTemplate": false,
    "count": 0,
    "updated": 1523929592
  },
  {
    "id": "99574e25-5921-436b-b4b3-e479d1cc627e",
    "data": [
      {
        "text": "It\u0027s ",
        "userDefined": false
      },
      {
        "text": "fantastic",
        "alias": "day_feeling",
        "meta": "@day_feeling",
        "userDefined": true
      }
    ],
    "isTemplate": false,
    "count": 0,
    "updated": 1523929592
  },
  {
    "id": "7c67e202-2673-4dca-9533-bc1260e7e0b6",
    "data": [
      {
        "text": "okay",
        "alias": "day_feeling",
        "meta": "@day_feeling",
        "userDefined": true
      }
    ],
    "isTemplate": false,
    "count": 0,
    "updated": 1523929592
  },
  {
    "id": "1f3e51ee-171f-4bea-bca3-bde1bbdd98d4",
    "data": [
      {
        "text": "going ",
        "userDefined": false
      },
      {
        "text": "great",
        "alias": "day_feeling",
        "meta": "@day_feeling",
        "userDefined": false
      },
      {
        "text": " so far",
        "userDefined": false
      }
    ],
    "isTemplate": false,
    "count": 0,
    "updated": 1523929592
  },
  {
    "id": "979b031a-883f-4f21-a8ad-7a206abb30bb",
    "data": [
      {
        "text": "amazing",
        "alias": "day_feeling",
        "meta": "@day_feeling",
        "userDefined": false
      }
    ],
    "isTemplate": false,
    "count": 0,
    "updated": 1523929592
  },
  {
    "id": "ca74b9ee-8d27-4b01-b6dc-3adc306d79f2",
    "data": [
      {
        "text": "well,",
        "alias": "band_mimicry",
        "meta": "@band_mimicry",
        "userDefined": false
      },
      {
        "text": " very ",
        "userDefined": false
      },
      {
        "text": "good",
        "alias": "day_feeling",
        "meta": "@day_feeling",
        "userDefined": false
      }
    ],
    "isTemplate": false,
    "count": 0,
    "updated": 1523929592
  },
  {
    "id": "04665490-0a5e-48c2-9941-fe3d32c2bb33",
    "data": [
      {
        "text": "just ",
        "userDefined": false
      },
      {
        "text": "fine",
        "alias": "day_feeling",
        "meta": "@day_feeling",
        "userDefined": true
      }
    ],
    "isTemplate": false,
    "count": 0,
    "updated": 1523929592
  }
]