[
  {
    "id": "dc303a72-6101-41a0-9c21-44836ee5de97",
    "data": [
      {
        "text": "tell me more",
        "userDefined": false
      }
    ],
    "isTemplate": false,
    "count": 0,
    "updated": 1523849215
  },
  {
    "id": "9b536550-dae6-4a5c-aa3c-d0aaea9d84a6",
    "data": [
      {
        "text": "show me more",
        "userDefined": false
      }
    ],
    "isTemplate": false,
    "count": 0,
    "updated": 1523848541
  },
  {
    "id": "d50cb09c-3ef3-424b-b661-c598deaa1ad6",
    "data": [
      {
        "text": "more information",
        "userDefined": false
      }
    ],
    "isTemplate": false,
    "count": 0,
    "updated": 1523848541
  },
  {
    "id": "79107a2a-1144-4fd4-9453-264dc45856e4",
    "data": [
      {
        "text": "other results",
        "userDefined": false
      }
    ],
    "isTemplate": false,
    "count": 0,
    "updated": 1523848541
  },
  {
    "id": "baeff1ae-5efd-40e2-83c7-564bf1f697f9",
    "data": [
      {
        "text": "more results",
        "userDefined": false
      }
    ],
    "isTemplate": false,
    "count": 0,
    "updated": 1523848541
  },
  {
    "id": "7b3e15c5-427e-4b83-86fe-cc12f687c558",
    "data": [
      {
        "text": "more",
        "userDefined": false
      }
    ],
    "isTemplate": false,
    "count": 0,
    "updated": 1523848541
  },
  {
    "id": "c9811553-4b0e-4397-a50b-354cf60dc992",
    "data": [
      {
        "text": "what else",
        "userDefined": false
      }
    ],
    "isTemplate": false,
    "count": 0,
    "updated": 1523848541
  },
  {
    "id": "c05da5cd-7e3e-4fa1-a40b-e9ed37a726af",
    "data": [
      {
        "text": "anything else",
        "userDefined": false
      }
    ],
    "isTemplate": false,
    "count": 0,
    "updated": 1523848541
  },
  {
    "id": "f84d95e7-cc91-4c24-a1a6-fc6e9b21208c",
    "data": [
      {
        "text": "are there more",
        "userDefined": false
      }
    ],
    "isTemplate": false,
    "count": 0,
    "updated": 1523848541
  }
]