[
  {
    "id": "34cbe470-632a-49c8-bad7-e95663674dc7",
    "data": [
      {
        "text": "yep",
        "meta": "@sys.ignore",
        "userDefined": false
      }
    ],
    "isTemplate": false,
    "count": 0,
    "updated": 1522813234
  },
  {
    "id": "dc27fd00-b599-4000-8208-952bd92b0acb",
    "data": [
      {
        "text": "sure",
        "meta": "@sys.ignore",
        "userDefined": false
      }
    ],
    "isTemplate": false,
    "count": 0,
    "updated": 1522813234
  },
  {
    "id": "af610f37-5760-4ef2-b83b-8f0cc719a389",
    "data": [
      {
        "text": "yes I am",
        "userDefined": false
      }
    ],
    "isTemplate": false,
    "count": 0,
    "updated": 1522809115
  },
  {
    "id": "1351a198-5550-4175-8d54-278afb23b525",
    "data": [
      {
        "text": "yeah",
        "meta": "@sys.ignore",
        "userDefined": false
      }
    ],
    "isTemplate": false,
    "count": 0,
    "updated": 1522813234
  },
  {
    "id": "24a9849d-0699-4429-bbdd-a0702928d666",
    "data": [
      {
        "text": "go",
        "userDefined": false
      }
    ],
    "isTemplate": false,
    "count": 0,
    "updated": 1522809115
  },
  {
    "id": "d53d227d-fb2b-4956-b699-6444cc89c96c",
    "data": [
      {
        "text": "yes",
        "userDefined": false
      }
    ],
    "isTemplate": false,
    "count": 0,
    "updated": 1522809115
  },
  {
    "id": "186e0fe2-227a-428f-a710-ce188c89a943",
    "data": [
      {
        "text": "ready",
        "userDefined": false
      }
    ],
    "isTemplate": false,
    "count": 0,
    "updated": 1522809115
  },
  {
    "id": "0f9c860a-f033-4a24-ba16-72665c6fe66c",
    "data": [
      {
        "text": "yah",
        "userDefined": false
      }
    ],
    "isTemplate": false,
    "count": 0,
    "updated": 1522809115
  },
  {
    "id": "8b208d8c-d14e-4cbd-b910-641952d7805f",
    "data": [
      {
        "text": "ok",
        "meta": "@sys.ignore",
        "userDefined": false
      }
    ],
    "isTemplate": false,
    "count": 0,
    "updated": 1522813234
  },
  {
    "id": "37f552c8-a0d8-4462-8410-2b46671fd8be",
    "data": [
      {
        "text": "I am",
        "userDefined": false
      }
    ],
    "isTemplate": false,
    "count": 0,
    "updated": 1522809115
  }
]