[
  {
    "id": "1d206427-2b56-4785-a191-688d608a5f7d",
    "data": [
      {
        "text": "other results",
        "userDefined": false
      }
    ],
    "isTemplate": false,
    "count": 0,
    "updated": 1523847900
  },
  {
    "id": "90e36598-d714-4711-848d-2168d7d32a40",
    "data": [
      {
        "text": "anything else",
        "userDefined": false
      }
    ],
    "isTemplate": false,
    "count": 0,
    "updated": 1523847900
  },
  {
    "id": "56742f4d-6fd9-4685-b73a-b86fad13f0b4",
    "data": [
      {
        "text": "are there more",
        "userDefined": false
      }
    ],
    "isTemplate": false,
    "count": 0,
    "updated": 1523847900
  },
  {
    "id": "2f63adcb-0c02-4fee-96f2-b786b12e2605",
    "data": [
      {
        "text": "more information",
        "userDefined": false
      }
    ],
    "isTemplate": false,
    "count": 0,
    "updated": 1523847900
  },
  {
    "id": "a9647dfc-e11d-4d14-ae4a-7405f618411e",
    "data": [
      {
        "text": "more results",
        "userDefined": false
      }
    ],
    "isTemplate": false,
    "count": 0,
    "updated": 1523847900
  },
  {
    "id": "eade4a99-6a1d-4a22-8958-82b0fc51f870",
    "data": [
      {
        "text": "show me more",
        "userDefined": false
      }
    ],
    "isTemplate": false,
    "count": 0,
    "updated": 1523847900
  },
  {
    "id": "e1b89b49-201a-4ee6-b55f-2321c54b4cbd",
    "data": [
      {
        "text": "what else",
        "userDefined": false
      }
    ],
    "isTemplate": false,
    "count": 0,
    "updated": 1523847900
  },
  {
    "id": "4dac2b58-11fd-4643-b10e-54adcb5ee594",
    "data": [
      {
        "text": "more",
        "userDefined": false
      }
    ],
    "isTemplate": false,
    "count": 0,
    "updated": 1523847900
  },
  {
    "id": "a1e23d46-5d2f-44d8-8ebc-e526a7429caa",
    "data": [
      {
        "text": "tell me more",
        "userDefined": false
      }
    ],
    "isTemplate": false,
    "count": 0,
    "updated": 1523847900
  }
]