[
  {
    "id": "0b01a7a4-4f02-4116-89db-26a648598af4",
    "data": [
      {
        "text": "yep",
        "alias": "planWeddingYorN",
        "meta": "@planWeddingYorN",
        "userDefined": true
      }
    ],
    "isTemplate": false,
    "count": 0,
    "updated": 1524526056
  },
  {
    "id": "7b08223a-8c4d-4610-a0d7-7de7add3b6ad",
    "data": [
      {
        "text": "confirm",
        "alias": "planWeddingYorN",
        "meta": "@planWeddingYorN",
        "userDefined": true
      }
    ],
    "isTemplate": false,
    "count": 1,
    "updated": 1524526056
  },
  {
    "id": "2cfa44fa-020f-47e4-8e63-1c589676453c",
    "data": [
      {
        "text": "that\u0027s right",
        "alias": "planWeddingYorN",
        "meta": "@planWeddingYorN",
        "userDefined": true
      }
    ],
    "isTemplate": false,
    "count": 0,
    "updated": 1524526056
  },
  {
    "id": "bd67f4ab-d37f-4797-81d2-3fe7c3dd2fc6",
    "data": [
      {
        "text": "that\u0027s correct",
        "alias": "planWeddingYorN",
        "meta": "@planWeddingYorN",
        "userDefined": true
      }
    ],
    "isTemplate": false,
    "count": 0,
    "updated": 1524526056
  },
  {
    "id": "5f8e0870-caa2-4ac0-9344-55e213ec6314",
    "data": [
      {
        "text": "yeah",
        "alias": "planWeddingYorN",
        "meta": "@planWeddingYorN",
        "userDefined": true
      }
    ],
    "isTemplate": false,
    "count": 0,
    "updated": 1524526056
  },
  {
    "id": "35c6d9b8-9885-4822-b212-be7c964ea15f",
    "data": [
      {
        "text": "sounds good",
        "userDefined": false
      }
    ],
    "isTemplate": false,
    "count": 0,
    "updated": 1524526056
  },
  {
    "id": "b7024dde-74c1-46a4-8df3-0061e47ac71a",
    "data": [
      {
        "text": "yup",
        "alias": "planWeddingYorN",
        "meta": "@planWeddingYorN",
        "userDefined": true
      }
    ],
    "isTemplate": false,
    "count": 0,
    "updated": 1524526056
  },
  {
    "id": "fdbe7c3b-0450-4fcc-80b4-c4f0cd4322c1",
    "data": [
      {
        "text": "I don\u0027t mind",
        "alias": "planWeddingYorN",
        "meta": "@planWeddingYorN",
        "userDefined": true
      }
    ],
    "isTemplate": false,
    "count": 1,
    "updated": 1524526056
  },
  {
    "id": "580196c6-492a-4ffe-926a-9f19aa18f1b6",
    "data": [
      {
        "text": "yes",
        "alias": "planWeddingYorN",
        "meta": "@planWeddingYorN",
        "userDefined": true
      }
    ],
    "isTemplate": false,
    "count": 0,
    "updated": 1524526056
  },
  {
    "id": "a1593350-b49f-4cb7-b893-f80d5080c597",
    "data": [
      {
        "text": "exactly",
        "alias": "planWeddingYorN",
        "meta": "@planWeddingYorN",
        "userDefined": true
      }
    ],
    "isTemplate": false,
    "count": 0,
    "updated": 1524526056
  },
  {
    "id": "5c2a2b6e-5194-4ded-8b3e-7ffc924a3112",
    "data": [
      {
        "text": "of course",
        "alias": "planWeddingYorN",
        "meta": "@planWeddingYorN",
        "userDefined": true
      }
    ],
    "isTemplate": false,
    "count": 0,
    "updated": 1524526056
  }
]