[
  {
    "id": "ed3bcf84-e3a4-42af-8b6a-66524e6f2d3e",
    "data": [
      {
        "text": "nope",
        "alias": "planWeddingYorN",
        "meta": "@planWeddingYorN",
        "userDefined": true
      }
    ],
    "isTemplate": false,
    "count": 1,
    "updated": 1522897744
  },
  {
    "id": "57a8e4a0-ed8d-40cd-a49a-7ce574101fab",
    "data": [
      {
        "text": "definitely not",
        "alias": "planWeddingYorN",
        "meta": "@planWeddingYorN",
        "userDefined": true
      }
    ],
    "isTemplate": false,
    "count": 1,
    "updated": 1522897744
  },
  {
    "id": "f8ed0008-6c1e-469b-9a70-92fd98c930ae",
    "data": [
      {
        "text": "no",
        "alias": "planWeddingYorN",
        "meta": "@planWeddingYorN",
        "userDefined": true
      }
    ],
    "isTemplate": false,
    "count": 1,
    "updated": 1522897744
  },
  {
    "id": "29081850-079f-4b9f-b2e6-6b5fb16064bc",
    "data": [
      {
        "text": "nah",
        "alias": "planWeddingYorN",
        "meta": "@planWeddingYorN",
        "userDefined": false
      }
    ],
    "isTemplate": false,
    "count": 0,
    "updated": 1522897744
  },
  {
    "id": "114e8078-927a-45fc-a67b-98150cebc214",
    "data": [
      {
        "text": "not really",
        "alias": "planWeddingYorN",
        "meta": "@planWeddingYorN",
        "userDefined": true
      }
    ],
    "isTemplate": false,
    "count": 0,
    "updated": 1522897744
  },
  {
    "id": "5dc9dd20-4ebe-4243-9836-4c27a277ca6d",
    "data": [
      {
        "text": "I don\u0027t think so",
        "alias": "planWeddingYorN",
        "meta": "@planWeddingYorN",
        "userDefined": true
      }
    ],
    "isTemplate": false,
    "count": 0,
    "updated": 1522897744
  }
]