[
  {
    "id": "e65161c5-c76c-409f-8421-10b4559a66f7",
    "data": [
      {
        "text": "ready",
        "userDefined": false
      }
    ],
    "isTemplate": false,
    "count": 0,
    "updated": 1523846246
  },
  {
    "id": "3f5de24e-a0cf-4169-adb8-67f535c05b1d",
    "data": [
      {
        "text": "I should be ready",
        "userDefined": false
      }
    ],
    "isTemplate": false,
    "count": 0,
    "updated": 1523846246
  },
  {
    "id": "a877ac65-d023-4f6f-bc04-5ac4a85af663",
    "data": [
      {
        "text": "ready to go",
        "userDefined": false
      }
    ],
    "isTemplate": false,
    "count": 0,
    "updated": 1523846246
  },
  {
    "id": "9a50e5e8-252e-4cd5-84fa-3db725cfd7bf",
    "data": [
      {
        "text": "I\u0027m ready",
        "userDefined": false
      }
    ],
    "isTemplate": false,
    "count": 1,
    "updated": 1523846246
  },
  {
    "id": "86a30061-015d-47cd-a5b8-0663caff0232",
    "data": [
      {
        "text": "ok",
        "meta": "@sys.ignore",
        "userDefined": false
      },
      {
        "text": " ready",
        "userDefined": false
      }
    ],
    "isTemplate": false,
    "count": 0,
    "updated": 1523846246
  },
  {
    "id": "083136a5-d1c7-40a6-ac8c-a4e6fac156aa",
    "data": [
      {
        "text": "I am ready",
        "userDefined": false
      }
    ],
    "isTemplate": false,
    "count": 0,
    "updated": 1523846246
  }
]