[
  {
    "id": "bac0cd8e-f9de-4e8f-b612-7832fabd33d1",
    "data": [
      {
        "text": "never",
        "alias": "planWeddingYorN",
        "meta": "@planWeddingYorN",
        "userDefined": true
      }
    ],
    "isTemplate": false,
    "count": 0,
    "updated": 1522896672
  },
  {
    "id": "3cd134fb-897c-4a3f-8e38-78f040d37a5c",
    "data": [
      {
        "text": "not really",
        "alias": "planWeddingYorN",
        "meta": "@planWeddingYorN",
        "userDefined": true
      }
    ],
    "isTemplate": false,
    "count": 0,
    "updated": 1522896821
  },
  {
    "id": "67f19e2e-542c-48da-b1e5-c2bf2bffebe7",
    "data": [
      {
        "text": "negative",
        "alias": "planWeddingYorN",
        "meta": "@planWeddingYorN",
        "userDefined": true
      }
    ],
    "isTemplate": false,
    "count": 0,
    "updated": 1522896672
  },
  {
    "id": "85b9c8d5-94cf-4993-8018-aeb7a98aeb18",
    "data": [
      {
        "text": "definitely ",
        "userDefined": false
      },
      {
        "text": "not",
        "alias": "planWeddingYorN",
        "meta": "@planWeddingYorN",
        "userDefined": true
      }
    ],
    "isTemplate": false,
    "count": 2,
    "updated": 1522897253
  },
  {
    "id": "2feb79fa-fd15-4757-8c7a-5bdb9a091eca",
    "data": [
      {
        "text": "nah",
        "alias": "planWeddingYorN",
        "meta": "@planWeddingYorN",
        "userDefined": true
      }
    ],
    "isTemplate": false,
    "count": 0,
    "updated": 1522896672
  },
  {
    "id": "cc0758e1-16f3-47c8-8494-8fedbb500d28",
    "data": [
      {
        "text": "haven\u0027t",
        "alias": "planWeddingYorN",
        "meta": "@planWeddingYorN",
        "userDefined": true
      }
    ],
    "isTemplate": false,
    "count": 0,
    "updated": 1522896821
  },
  {
    "id": "a9cb6c7e-23c6-4f56-8ee7-6d254af543dd",
    "data": [
      {
        "text": "I haven\u0027t",
        "alias": "planWeddingYorN",
        "meta": "@planWeddingYorN",
        "userDefined": true
      }
    ],
    "isTemplate": false,
    "count": 0,
    "updated": 1522896821
  },
  {
    "id": "7e3496cc-50d2-459c-b76b-cdc5826024d0",
    "data": [
      {
        "text": "no",
        "alias": "planWeddingYorN",
        "meta": "@planWeddingYorN",
        "userDefined": true
      }
    ],
    "isTemplate": false,
    "count": 1,
    "updated": 1522896672
  },
  {
    "id": "348c7dcd-c4e4-4703-b8bc-1cde9317d711",
    "data": [
      {
        "text": "neh",
        "alias": "planWeddingYorN",
        "meta": "@planWeddingYorN",
        "userDefined": true
      }
    ],
    "isTemplate": false,
    "count": 0,
    "updated": 1522896672
  },
  {
    "id": "477593d3-4b29-4a59-95e6-e551ed58efac",
    "data": [
      {
        "text": "nope",
        "alias": "planWeddingYorN",
        "meta": "@planWeddingYorN",
        "userDefined": true
      }
    ],
    "isTemplate": false,
    "count": 1,
    "updated": 1522896821
  }
]