[
  {
    "id": "703f4009-fbc6-4244-828a-28ee18f22ffd",
    "data": [
      {
        "text": "I\u0027d like it in ",
        "userDefined": false
      },
      {
        "text": "March",
        "alias": "weddingMonth",
        "meta": "@weddingMonth",
        "userDefined": true
      }
    ],
    "isTemplate": false,
    "count": 0,
    "updated": 1523933818
  },
  {
    "id": "ed0acc43-343e-48bb-93bc-ae18083e1b5d",
    "data": [
      {
        "text": "August",
        "alias": "weddingMonth",
        "meta": "@weddingMonth",
        "userDefined": false
      }
    ],
    "isTemplate": false,
    "count": 0,
    "updated": 1523933818
  },
  {
    "id": "2d707b9d-5dec-4954-b2b6-2fd964c9f9a3",
    "data": [
      {
        "text": "October",
        "alias": "weddingMonth",
        "meta": "@weddingMonth",
        "userDefined": false
      }
    ],
    "isTemplate": false,
    "count": 0,
    "updated": 1523933818
  },
  {
    "id": "15f604c2-bc6e-4bf9-b991-097917048dbd",
    "data": [
      {
        "text": "Definitely",
        "meta": "@sys.ignore",
        "userDefined": false
      },
      {
        "text": " in ",
        "userDefined": false
      },
      {
        "text": "January",
        "alias": "weddingMonth",
        "meta": "@weddingMonth",
        "userDefined": true
      }
    ],
    "isTemplate": false,
    "count": 0,
    "updated": 1523933818
  },
  {
    "id": "adb8b850-099a-461b-8860-e69b3a8d4467",
    "data": [
      {
        "text": "July",
        "alias": "weddingMonth",
        "meta": "@weddingMonth",
        "userDefined": false
      }
    ],
    "isTemplate": false,
    "count": 0,
    "updated": 1523933818
  },
  {
    "id": "6f8f5c96-b5a6-469f-a960-ef52b0ec59cf",
    "data": [
      {
        "text": "Maybe in ",
        "userDefined": false
      },
      {
        "text": "February",
        "alias": "weddingMonth",
        "meta": "@weddingMonth",
        "userDefined": false
      }
    ],
    "isTemplate": false,
    "count": 0,
    "updated": 1523933818
  },
  {
    "id": "c28d9f2f-95fe-4131-92f0-5b91c6e85eec",
    "data": [
      {
        "text": "In ",
        "userDefined": false
      },
      {
        "text": "May",
        "alias": "weddingMonth",
        "meta": "@weddingMonth",
        "userDefined": true
      }
    ],
    "isTemplate": false,
    "count": 0,
    "updated": 1523933818
  }
]