[
  {
    "id": "eac904f7-c4d1-47c5-b207-52efb89b6f1e",
    "data": [
      {
        "text": "Yes",
        "meta": "@sys.ignore",
        "userDefined": true
      },
      {
        "text": ", I have.",
        "meta": "@sys.ignore",
        "userDefined": true
      }
    ],
    "isTemplate": false,
    "count": 2,
    "updated": 1524076282
  },
  {
    "id": "08314465-9de0-4d77-8607-1b2dfba9334c",
    "data": [
      {
        "text": "ya",
        "alias": "user_affirmative_negative",
        "meta": "@user_affirmative_negative",
        "userDefined": false
      }
    ],
    "isTemplate": false,
    "count": 0,
    "updated": 1524076282
  },
  {
    "id": "0c4d7f9e-7304-4ed7-a882-3f03c3346dba",
    "data": [
      {
        "text": "Not really",
        "alias": "user_affirmative_negative",
        "meta": "@user_affirmative_negative",
        "userDefined": false
      }
    ],
    "isTemplate": false,
    "count": 2,
    "updated": 1524076282
  },
  {
    "id": "feb09019-0a1d-4b53-b34a-61e0daa01984",
    "data": [
      {
        "text": "nahh",
        "alias": "user_affirmative_negative",
        "meta": "@user_affirmative_negative",
        "userDefined": true
      }
    ],
    "isTemplate": false,
    "count": 0,
    "updated": 1524076282
  },
  {
    "id": "e5b01ffb-1a52-4ffa-9b0e-be1add880171",
    "data": [
      {
        "text": "No",
        "alias": "user_affirmative_negative",
        "meta": "@user_affirmative_negative",
        "userDefined": false
      }
    ],
    "isTemplate": false,
    "count": 0,
    "updated": 1524076282
  },
  {
    "id": "8c55c4a0-9359-4454-852c-82a87b1134ed",
    "data": [
      {
        "text": "nehh",
        "alias": "user_affirmative_negative",
        "meta": "@user_affirmative_negative",
        "userDefined": true
      }
    ],
    "isTemplate": false,
    "count": 0,
    "updated": 1524076282
  },
  {
    "id": "a3d514d3-1aca-4ba7-9250-30101956dff9",
    "data": [
      {
        "text": "Nah",
        "alias": "user_affirmative_negative",
        "meta": "@user_affirmative_negative",
        "userDefined": false
      }
    ],
    "isTemplate": false,
    "count": 3,
    "updated": 1524076282
  },
  {
    "id": "3c7a332d-332b-4ae2-8691-e60a0140cec4",
    "data": [
      {
        "text": "sure",
        "meta": "@sys.ignore",
        "userDefined": false
      }
    ],
    "isTemplate": false,
    "count": 2,
    "updated": 1524076282
  },
  {
    "id": "462fd31c-8984-4061-92da-a89ffb768185",
    "data": [
      {
        "text": "Yeah",
        "alias": "user_affirmative_negative",
        "meta": "@user_affirmative_negative",
        "userDefined": true
      }
    ],
    "isTemplate": false,
    "count": 3,
    "updated": 1524076282
  },
  {
    "id": "623ac6d4-ccf1-498b-bef0-353dd469a52e",
    "data": [
      {
        "text": "definitely",
        "alias": "user_affirmative_negative",
        "meta": "@user_affirmative_negative",
        "userDefined": true
      }
    ],
    "isTemplate": false,
    "count": 1,
    "updated": 1524076282
  },
  {
    "id": "efe5dd52-f7c6-4d44-9430-212b8a2213c6",
    "data": [
      {
        "text": "yeahh",
        "alias": "user_affirmative_negative",
        "meta": "@user_affirmative_negative",
        "userDefined": true
      }
    ],
    "isTemplate": false,
    "count": 1,
    "updated": 1524076282
  },
  {
    "id": "e515de28-0a69-4c31-a477-3ac81192e104",
    "data": [
      {
        "text": "uhm ",
        "userDefined": false
      },
      {
        "text": "no",
        "alias": "user_affirmative_negative",
        "meta": "@user_affirmative_negative",
        "userDefined": false
      }
    ],
    "isTemplate": false,
    "count": 0,
    "updated": 1524076282
  },
  {
    "id": "0d951068-0478-4c89-a7d2-29b3bae693e6",
    "data": [
      {
        "text": "nope",
        "alias": "user_affirmative_negative",
        "meta": "@user_affirmative_negative",
        "userDefined": false
      }
    ],
    "isTemplate": false,
    "count": 1,
    "updated": 1524076282
  },
  {
    "id": "02e9b8bd-49fe-4ebc-9794-8ec8cac80640",
    "data": [
      {
        "text": "yep",
        "alias": "user_affirmative_negative",
        "meta": "@user_affirmative_negative",
        "userDefined": true
      }
    ],
    "isTemplate": false,
    "count": 1,
    "updated": 1524076282
  },
  {
    "id": "47ce153b-a3ae-4587-83ae-9151cc37a8e7",
    "data": [
      {
        "text": "Yes",
        "alias": "user_affirmative_negative",
        "meta": "@user_affirmative_negative",
        "userDefined": true
      }
    ],
    "isTemplate": false,
    "count": 0,
    "updated": 1524076282
  }
]