[
  {
    "id": "e17e13a9-52cd-480d-99cb-a3510a1de05f",
    "data": [
      {
        "text": "I think my budget is around ",
        "userDefined": false
      },
      {
        "text": "50000",
        "alias": "weddingCost",
        "meta": "@weddingCost",
        "userDefined": true
      },
      {
        "text": ".",
        "userDefined": false
      }
    ],
    "isTemplate": false,
    "count": 0,
    "updated": 1522902579
  },
  {
    "id": "24ba1c29-2db2-493c-be2a-a0bc9d7050c8",
    "data": [
      {
        "text": "Between 40 to ",
        "userDefined": false
      },
      {
        "text": "50 thousands dollars",
        "alias": "weddingCost",
        "meta": "@weddingCost",
        "userDefined": false
      },
      {
        "text": ".",
        "userDefined": false
      }
    ],
    "isTemplate": false,
    "count": 0,
    "updated": 1522902579
  },
  {
    "id": "95df2393-e57a-4a8d-86f4-2b0ef4451893",
    "data": [
      {
        "text": "Less than ",
        "userDefined": false
      },
      {
        "text": "80000",
        "alias": "weddingCost",
        "meta": "@weddingCost",
        "userDefined": false
      }
    ],
    "isTemplate": false,
    "count": 0,
    "updated": 1522902579
  },
  {
    "id": "29e010be-4d99-4a60-9ae2-7c75d53bdb9a",
    "data": [
      {
        "text": "Around ",
        "userDefined": false
      },
      {
        "text": "10000",
        "alias": "weddingCost",
        "meta": "@weddingCost",
        "userDefined": true
      }
    ],
    "isTemplate": false,
    "count": 0,
    "updated": 1522902579
  },
  {
    "id": "36b99d6f-f262-4f2d-b16c-44576bc097f1",
    "data": [
      {
        "text": "five thousand",
        "alias": "weddingCost",
        "meta": "@weddingCost",
        "userDefined": false
      }
    ],
    "isTemplate": false,
    "count": 0,
    "updated": 1523499143
  },
  {
    "id": "cba833a7-86ac-44ef-829f-f42b9c94da48",
    "data": [
      {
        "text": "like 5000 to ",
        "userDefined": false
      },
      {
        "text": "8000",
        "alias": "weddingCost",
        "meta": "@weddingCost",
        "userDefined": true
      }
    ],
    "isTemplate": false,
    "count": 0,
    "updated": 1523499143
  },
  {
    "id": "90b44f58-6a48-46e7-a19b-8f466cac60e1",
    "data": [
      {
        "text": "12345",
        "alias": "weddingCost",
        "meta": "@weddingCost",
        "userDefined": true
      }
    ],
    "isTemplate": false,
    "count": 0,
    "updated": 1522902579
  },
  {
    "id": "7c1851c0-0990-4e5a-9b15-c3ac05479c7c",
    "data": [
      {
        "text": "I will spend ",
        "userDefined": false
      },
      {
        "text": "twenty thousand",
        "alias": "weddingCost",
        "meta": "@weddingCost",
        "userDefined": false
      },
      {
        "text": " dollars on my wedding",
        "userDefined": false
      }
    ],
    "isTemplate": false,
    "count": 0,
    "updated": 1523835367
  },
  {
    "id": "2da3636f-9742-40af-85fc-5a1a5ee921b2",
    "data": [
      {
        "text": "It should be no more than ",
        "userDefined": false
      },
      {
        "text": "100000",
        "alias": "weddingCost",
        "meta": "@weddingCost",
        "userDefined": true
      },
      {
        "text": " dollars",
        "userDefined": false
      }
    ],
    "isTemplate": false,
    "count": 0,
    "updated": 1522902579
  },
  {
    "id": "01330ad3-0622-4c87-920e-c2b1678fc63c",
    "data": [
      {
        "text": "About ",
        "userDefined": false
      },
      {
        "text": "30000",
        "alias": "weddingCost",
        "meta": "@weddingCost",
        "userDefined": false
      }
    ],
    "isTemplate": false,
    "count": 0,
    "updated": 1522902579
  },
  {
    "id": "22a3c907-0e64-4083-985a-39a5807d662a",
    "data": [
      {
        "text": "like ",
        "userDefined": false
      },
      {
        "text": "2",
        "meta": "@sys.ignore",
        "userDefined": false
      },
      {
        "text": " to ",
        "userDefined": false
      },
      {
        "text": "6 thousand",
        "alias": "weddingCost",
        "meta": "@weddingCost",
        "userDefined": true
      }
    ],
    "isTemplate": false,
    "count": 0,
    "updated": 1523499143
  },
  {
    "id": "a241528f-3278-4006-9d25-1016fe40e8a0",
    "data": [
      {
        "text": "$",
        "userDefined": false
      },
      {
        "text": "3000",
        "alias": "weddingCost",
        "meta": "@weddingCost",
        "userDefined": false
      }
    ],
    "isTemplate": false,
    "count": 0,
    "updated": 1523835367
  },
  {
    "id": "cddc06fc-dbcd-45a6-be15-18d147e88d50",
    "data": [
      {
        "text": "1 thousand",
        "alias": "weddingCost",
        "meta": "@weddingCost",
        "userDefined": true
      }
    ],
    "isTemplate": false,
    "count": 0,
    "updated": 1522902579
  },
  {
    "id": "aecfc3fb-8d7a-4feb-a6a6-05a4d6dc3a93",
    "data": [
      {
        "text": "4500",
        "alias": "weddingCost",
        "meta": "@weddingCost",
        "userDefined": true
      }
    ],
    "isTemplate": false,
    "count": 0,
    "updated": 1522902579
  },
  {
    "id": "b2e7c4d1-6d4d-47c3-95da-9f8a16b7228e",
    "data": [
      {
        "text": "Maybe ",
        "userDefined": false
      },
      {
        "text": "4k",
        "alias": "weddingCost",
        "meta": "@weddingCost",
        "userDefined": true
      },
      {
        "text": ".",
        "userDefined": false
      }
    ],
    "isTemplate": false,
    "count": 0,
    "updated": 1522902579
  },
  {
    "id": "72de4441-3ea4-4cf5-b58d-2f84448bceab",
    "data": [
      {
        "text": "Maybe ",
        "userDefined": false
      },
      {
        "text": "9000",
        "alias": "weddingCost",
        "meta": "@weddingCost",
        "userDefined": false
      },
      {
        "text": "?",
        "userDefined": false
      }
    ],
    "isTemplate": false,
    "count": 0,
    "updated": 1522902579
  },
  {
    "id": "fd41173c-ae13-46aa-8ef9-03bd459dbefb",
    "data": [
      {
        "text": "between ",
        "userDefined": false
      },
      {
        "text": "4000",
        "alias": "number",
        "meta": "@sys.number",
        "userDefined": false
      },
      {
        "text": " and ",
        "userDefined": false
      },
      {
        "text": "7000",
        "alias": "weddingCost",
        "meta": "@weddingCost",
        "userDefined": false
      },
      {
        "text": " dollars",
        "userDefined": false
      }
    ],
    "isTemplate": false,
    "count": 0,
    "updated": 1523835367
  }
]