[
  {
    "id": "eee0a8a2-625a-4a95-9ad8-015e23115444",
    "data": [
      {
        "text": "I will spend ",
        "userDefined": false
      },
      {
        "text": "twenty thousand",
        "alias": "weddingCost",
        "meta": "@weddingCost",
        "userDefined": false
      },
      {
        "text": " dollars on my wedding",
        "userDefined": false
      }
    ],
    "isTemplate": false,
    "count": 0,
    "updated": 1524080192
  },
  {
    "id": "c9bd3795-b87f-4a48-b244-d4d9553edb0d",
    "data": [
      {
        "text": "It should be ",
        "userDefined": false
      },
      {
        "text": "no",
        "meta": "@sys.ignore",
        "userDefined": false
      },
      {
        "text": " more than ",
        "userDefined": false
      },
      {
        "text": "100000",
        "alias": "weddingCost",
        "meta": "@weddingCost",
        "userDefined": false
      },
      {
        "text": " dollars",
        "userDefined": false
      }
    ],
    "isTemplate": false,
    "count": 0,
    "updated": 1524080192
  },
  {
    "id": "ee88b0a7-6f2f-472b-aa6d-176924a0146c",
    "data": [
      {
        "text": "12345",
        "alias": "weddingCost",
        "meta": "@weddingCost",
        "userDefined": true
      }
    ],
    "isTemplate": false,
    "count": 0,
    "updated": 1524080192
  },
  {
    "id": "3a757de8-369d-4dfe-88d6-b1445e99388a",
    "data": [
      {
        "text": "around ",
        "userDefined": false
      },
      {
        "text": "3000",
        "alias": "weddingCost",
        "meta": "@weddingCost",
        "userDefined": true
      }
    ],
    "isTemplate": false,
    "count": 0,
    "updated": 1524080192
  },
  {
    "id": "c9ed776f-7bab-4b37-8055-a92ce9cf98a5",
    "data": [
      {
        "text": "4500",
        "alias": "weddingCost",
        "meta": "@weddingCost",
        "userDefined": true
      }
    ],
    "isTemplate": false,
    "count": 0,
    "updated": 1524080192
  },
  {
    "id": "5aaaafe1-60d9-4028-a501-4646629b9327",
    "data": [
      {
        "text": "13000",
        "alias": "weddingCost",
        "meta": "@weddingCost",
        "userDefined": true
      }
    ],
    "isTemplate": false,
    "count": 0,
    "updated": 1524080192
  },
  {
    "id": "e622906d-e9b7-4c5a-93c4-b311fce64e3d",
    "data": [
      {
        "text": "Maybe ",
        "userDefined": false
      },
      {
        "text": "4k",
        "alias": "weddingCost",
        "meta": "@weddingCost",
        "userDefined": false
      },
      {
        "text": ".",
        "userDefined": false
      }
    ],
    "isTemplate": false,
    "count": 0,
    "updated": 1524080192
  },
  {
    "id": "b1ee0ae2-e4de-4258-ad10-6d956376dd63",
    "data": [
      {
        "text": "13004",
        "alias": "weddingCost",
        "meta": "@weddingCost",
        "userDefined": true
      }
    ],
    "isTemplate": false,
    "count": 0,
    "updated": 1524080192
  },
  {
    "id": "56ed9dc8-a388-4647-9c8a-a87f9100ee5f",
    "data": [
      {
        "text": "200",
        "alias": "weddingCost",
        "meta": "@weddingCost",
        "userDefined": true
      }
    ],
    "isTemplate": false,
    "count": 0,
    "updated": 1524080192
  },
  {
    "id": "8fb17037-b26c-4a93-9121-dcd24fb4f6d0",
    "data": [
      {
        "text": "4000",
        "alias": "weddingCost",
        "meta": "@weddingCost",
        "userDefined": false
      }
    ],
    "isTemplate": false,
    "count": 1,
    "updated": 1524080192
  },
  {
    "id": "422c6afb-1998-4be3-ad1e-5fa7c7f025f9",
    "data": [
      {
        "text": "I would spend around ",
        "userDefined": false
      },
      {
        "text": "30000",
        "alias": "weddingCost",
        "meta": "@weddingCost",
        "userDefined": true
      }
    ],
    "isTemplate": false,
    "count": 0,
    "updated": 1524080192
  },
  {
    "id": "0a5b9fd4-f413-44d1-a1a7-62179d2d92cd",
    "data": [
      {
        "text": "$",
        "userDefined": false
      },
      {
        "text": "2500",
        "alias": "weddingCost",
        "meta": "@weddingCost",
        "userDefined": false
      }
    ],
    "isTemplate": false,
    "count": 0,
    "updated": 1524080192
  },
  {
    "id": "f6d4cbbe-d7dc-4157-b14b-fc7849ed5ce5",
    "data": [
      {
        "text": "12000",
        "alias": "weddingCost",
        "meta": "@weddingCost",
        "userDefined": false
      }
    ],
    "isTemplate": false,
    "count": 0,
    "updated": 1524080192
  },
  {
    "id": "2f69068f-536e-4cd0-995c-b17067d8312b",
    "data": [
      {
        "text": "I think my budget is around ",
        "userDefined": false
      },
      {
        "text": "50000",
        "alias": "weddingCost",
        "meta": "@weddingCost",
        "userDefined": false
      },
      {
        "text": ".",
        "userDefined": false
      }
    ],
    "isTemplate": false,
    "count": 0,
    "updated": 1524080192
  },
  {
    "id": "2a7992c2-43b5-4755-9458-35cd388f26a4",
    "data": [
      {
        "text": "Maybe ",
        "userDefined": false
      },
      {
        "text": "9000",
        "alias": "weddingCost",
        "meta": "@weddingCost",
        "userDefined": false
      },
      {
        "text": "?",
        "userDefined": false
      }
    ],
    "isTemplate": false,
    "count": 0,
    "updated": 1524080192
  },
  {
    "id": "62bc3ad4-68ea-44f7-95e2-ce8501f3aa27",
    "data": [
      {
        "text": "About ",
        "userDefined": false
      },
      {
        "text": "50000",
        "alias": "weddingCost",
        "meta": "@weddingCost",
        "userDefined": false
      }
    ],
    "isTemplate": false,
    "count": 1,
    "updated": 1524080192
  }
]