[
  {
    "id": "3396bd5c-9800-4791-b604-57de9597ae8c",
    "data": [
      {
        "text": "Yes",
        "alias": "userAffNeg",
        "meta": "@likeLiveMusic",
        "userDefined": true
      }
    ],
    "isTemplate": false,
    "count": 0,
    "updated": 1524078773
  },
  {
    "id": "9b6d961f-c430-4454-ac2b-4c622ec0eb9d",
    "data": [
      {
        "text": "okay",
        "userDefined": false
      }
    ],
    "isTemplate": false,
    "count": 0,
    "updated": 1524078773
  },
  {
    "id": "3a04fac0-bc54-48d7-9b6a-cc7919edd946",
    "data": [
      {
        "text": "ok",
        "alias": "userAffNeg",
        "meta": "@likeLiveMusic",
        "userDefined": true
      }
    ],
    "isTemplate": false,
    "count": 0,
    "updated": 1524078773
  },
  {
    "id": "af8eefd9-b717-4a0e-b6a1-d35f39fff362",
    "data": [
      {
        "text": "of course",
        "alias": "userAffNeg",
        "meta": "@likeLiveMusic",
        "userDefined": true
      }
    ],
    "isTemplate": false,
    "count": 0,
    "updated": 1524078773
  },
  {
    "id": "84f8579a-202f-4913-aaaf-45926ee618ab",
    "data": [
      {
        "text": "sure",
        "alias": "userAffNeg",
        "meta": "@likeLiveMusic",
        "userDefined": true
      }
    ],
    "isTemplate": false,
    "count": 2,
    "updated": 1524078773
  },
  {
    "id": "210cefba-3002-4b79-8e50-168952eb77d7",
    "data": [
      {
        "text": "yes",
        "alias": "userAffNeg",
        "meta": "@likeLiveMusic",
        "userDefined": true
      }
    ],
    "isTemplate": false,
    "count": 1,
    "updated": 1524078773
  },
  {
    "id": "3e224928-4f8d-4dae-88e0-826c98f6c583",
    "data": [
      {
        "text": "confirm",
        "alias": "userAffNeg",
        "meta": "@likeLiveMusic",
        "userDefined": true
      }
    ],
    "isTemplate": false,
    "count": 1,
    "updated": 1524078773
  }
]