[
  {
    "id": "d62de143-2c8d-424d-974c-9b8ee563355a",
    "data": [
      {
        "text": "July",
        "alias": "weddingMonth",
        "meta": "@weddingMonth",
        "userDefined": false
      }
    ],
    "isTemplate": false,
    "count": 0,
    "updated": 1523932998
  },
  {
    "id": "7e324df4-1b79-4e60-b2f9-f4a38aaea411",
    "data": [
      {
        "text": "I\u0027d like it in ",
        "userDefined": false
      },
      {
        "text": "March",
        "alias": "weddingMonth",
        "meta": "@weddingMonth",
        "userDefined": false
      }
    ],
    "isTemplate": false,
    "count": 0,
    "updated": 1523932998
  },
  {
    "id": "b5d4c9dc-b2a7-4b04-ba71-b1ed9f4ba260",
    "data": [
      {
        "text": "August",
        "alias": "weddingMonth",
        "meta": "@weddingMonth",
        "userDefined": false
      }
    ],
    "isTemplate": false,
    "count": 0,
    "updated": 1523932998
  },
  {
    "id": "f65f2b48-3b93-4300-90b9-c4c08931eeea",
    "data": [
      {
        "text": "Definitely",
        "meta": "@sys.ignore",
        "userDefined": false
      },
      {
        "text": " ",
        "userDefined": false
      },
      {
        "text": "in January",
        "alias": "weddingMonth",
        "meta": "@weddingMonth",
        "userDefined": false
      }
    ],
    "isTemplate": false,
    "count": 0,
    "updated": 1523932998
  },
  {
    "id": "fd9ec1e0-fd46-471e-85c6-559296a40eee",
    "data": [
      {
        "text": "Maybe in ",
        "userDefined": false
      },
      {
        "text": "February",
        "alias": "weddingMonth",
        "meta": "@weddingMonth",
        "userDefined": false
      }
    ],
    "isTemplate": false,
    "count": 0,
    "updated": 1523932998
  },
  {
    "id": "21707afb-ccc8-4d60-a6ed-8ca71c20ef27",
    "data": [
      {
        "text": "In ",
        "userDefined": false
      },
      {
        "text": "May",
        "alias": "weddingMonth",
        "meta": "@weddingMonth",
        "userDefined": true
      }
    ],
    "isTemplate": false,
    "count": 0,
    "updated": 1523932998
  }
]