[
  {
    "id": "1785718a-a77a-4b8d-b108-18fe0930d4e6",
    "data": [
      {
        "text": "nope",
        "alias": "userAffNeg",
        "meta": "@likeLiveMusic",
        "userDefined": true
      }
    ],
    "isTemplate": false,
    "count": 0,
    "updated": 1524078619
  },
  {
    "id": "61fc00c2-58d8-45e5-8fc8-459344da6f57",
    "data": [
      {
        "text": "no",
        "alias": "userAffNeg",
        "meta": "@likeLiveMusic",
        "userDefined": true
      }
    ],
    "isTemplate": false,
    "count": 0,
    "updated": 1524078619
  },
  {
    "id": "66694fef-ba2c-4a34-8538-17d662afac75",
    "data": [
      {
        "text": "na",
        "alias": "userAffNeg",
        "meta": "@likeLiveMusic",
        "userDefined": true
      }
    ],
    "isTemplate": false,
    "count": 0,
    "updated": 1524078619
  },
  {
    "id": "f72f7662-6a68-446f-80bb-3619950c4bc0",
    "data": [
      {
        "text": "definitely not",
        "alias": "userAffNeg",
        "meta": "@likeLiveMusic",
        "userDefined": true
      }
    ],
    "isTemplate": false,
    "count": 1,
    "updated": 1524078619
  },
  {
    "id": "c49ecb86-13ad-4793-bb3f-ad8b8146a664",
    "data": [
      {
        "text": "nah",
        "alias": "userAffNeg",
        "meta": "@likeLiveMusic",
        "userDefined": true
      }
    ],
    "isTemplate": false,
    "count": 0,
    "updated": 1524078619
  },
  {
    "id": "8a86779c-50f5-45bb-895b-edbc2affa2b1",
    "data": [
      {
        "text": "nay",
        "alias": "userAffNeg",
        "meta": "@likeLiveMusic",
        "userDefined": true
      }
    ],
    "isTemplate": false,
    "count": 0,
    "updated": 1524078963
  },
  {
    "id": "ee63f0f0-c2d0-4187-8d66-bd8fbc4ae331",
    "data": [
      {
        "text": "I disagree",
        "alias": "userAffNeg",
        "meta": "@likeLiveMusic",
        "userDefined": true
      }
    ],
    "isTemplate": false,
    "count": 2,
    "updated": 1524078619
  },
  {
    "id": "b1d18e9d-c175-43e5-8823-336953bb1f41",
    "data": [
      {
        "text": "not",
        "alias": "userAffNeg",
        "meta": "@likeLiveMusic",
        "userDefined": true
      },
      {
        "text": " interested",
        "userDefined": false
      }
    ],
    "isTemplate": false,
    "count": 0,
    "updated": 1524078619
  },
  {
    "id": "d3d1c933-f806-4c07-92fa-825f4f17a985",
    "data": [
      {
        "text": "I don\u0027t think so",
        "alias": "userAffNeg",
        "meta": "@likeLiveMusic",
        "userDefined": true
      }
    ],
    "isTemplate": false,
    "count": 0,
    "updated": 1524078619
  },
  {
    "id": "f79f8dad-97c4-4ced-a535-20214a125373",
    "data": [
      {
        "text": "not really",
        "alias": "userAffNeg",
        "meta": "@likeLiveMusic",
        "userDefined": true
      }
    ],
    "isTemplate": false,
    "count": 0,
    "updated": 1524078619
  }
]