[
  {
    "id": "04758fd2-ccb1-4dc6-bc4b-52d7c24880c7",
    "data": [
      {
        "text": "I have",
        "alias": "planWeddingYorN",
        "meta": "@planWeddingYorN",
        "userDefined": true
      }
    ],
    "isTemplate": false,
    "count": 0,
    "updated": 1522897336
  },
  {
    "id": "c372ab29-aefb-4a01-acfc-93167784c9c3",
    "data": [
      {
        "text": "yes",
        "alias": "planWeddingYorN",
        "meta": "@planWeddingYorN",
        "userDefined": false
      },
      {
        "text": " ",
        "userDefined": false
      },
      {
        "text": "yes",
        "alias": "planWeddingYorN1",
        "meta": "@planWeddingYorN",
        "userDefined": false
      }
    ],
    "isTemplate": false,
    "count": 0,
    "updated": 1523929837
  },
  {
    "id": "b750e77d-0be2-4a62-b18d-de647a7fc984",
    "data": [
      {
        "text": "that\u0027s correct",
        "alias": "planWeddingYorN",
        "meta": "@planWeddingYorN",
        "userDefined": true
      }
    ],
    "isTemplate": false,
    "count": 0,
    "updated": 1522897336
  },
  {
    "id": "fb53d3fd-34ef-44d7-b0f1-60a8b3960679",
    "data": [
      {
        "text": "yep",
        "alias": "planWeddingYorN",
        "meta": "@planWeddingYorN",
        "userDefined": true
      }
    ],
    "isTemplate": false,
    "count": 0,
    "updated": 1522897336
  },
  {
    "id": "133616dd-6100-4696-ac68-89bbc4a935c6",
    "data": [
      {
        "text": "yes",
        "alias": "planWeddingYorN",
        "meta": "@planWeddingYorN",
        "userDefined": true
      }
    ],
    "isTemplate": false,
    "count": 0,
    "updated": 1522897336
  },
  {
    "id": "7bc05665-1367-4681-b932-392256c7293b",
    "data": [
      {
        "text": "ye",
        "userDefined": false
      }
    ],
    "isTemplate": false,
    "count": 0,
    "updated": 1523929837
  },
  {
    "id": "425a1b9c-59c6-4ece-a4e9-e355cf5d1c42",
    "data": [
      {
        "text": "positive",
        "alias": "planWeddingYorN",
        "meta": "@planWeddingYorN",
        "userDefined": true
      }
    ],
    "isTemplate": false,
    "count": 1,
    "updated": 1522897336
  },
  {
    "id": "c6544ab0-d05d-4dab-a65b-40614f97f25f",
    "data": [
      {
        "text": "ya",
        "alias": "planWeddingYorN",
        "meta": "@planWeddingYorN",
        "userDefined": true
      }
    ],
    "isTemplate": false,
    "count": 0,
    "updated": 1522897336
  },
  {
    "id": "5fc7420e-0d9a-40dd-97da-774c58e35f90",
    "data": [
      {
        "text": "of course",
        "alias": "planWeddingYorN",
        "meta": "@planWeddingYorN",
        "userDefined": true
      }
    ],
    "isTemplate": false,
    "count": 0,
    "updated": 1522897336
  },
  {
    "id": "6b6df33f-24c4-4406-bb3b-847e5de6e562",
    "data": [
      {
        "text": "sure",
        "alias": "planWeddingYorN",
        "meta": "@planWeddingYorN",
        "userDefined": false
      }
    ],
    "isTemplate": false,
    "count": 0,
    "updated": 1523929837
  },
  {
    "id": "72696c6e-8e7e-4713-b790-419442434ae0",
    "data": [
      {
        "text": "yeah",
        "alias": "planWeddingYorN",
        "meta": "@planWeddingYorN",
        "userDefined": true
      }
    ],
    "isTemplate": false,
    "count": 0,
    "updated": 1522897336
  },
  {
    "id": "0fbe3dfc-13da-4c2f-ad72-b60eeb3d6b94",
    "data": [
      {
        "text": "Yes I have",
        "alias": "planWeddingYorN",
        "meta": "@planWeddingYorN",
        "userDefined": true
      }
    ],
    "isTemplate": false,
    "count": 0,
    "updated": 1522897336
  }
]