[
  {
    "value": "ah",
    "synonyms": [
      "ah"
    ]
  },
  {
    "value": "mhmm",
    "synonyms": [
      "mhmm"
    ]
  },
  {
    "value": "um",
    "synonyms": [
      "um"
    ]
  },
  {
    "value": "hm",
    "synonyms": [
      "hm"
    ]
  },
  {
    "value": "uhh",
    "synonyms": [
      "uhh"
    ]
  },
  {
    "value": "hmm",
    "synonyms": [
      "hmm"
    ]
  },
  {
    "value": "uh",
    "synonyms": [
      "uh"
    ]
  },
  {
    "value": "umm",
    "synonyms": [
      "umm"
    ]
  },
  {
    "value": "well",
    "synonyms": [
      "well"
    ]
  }
]