[
  {
    "value": "no",
    "synonyms": [
      "no"
    ]
  },
  {
    "value": "sure",
    "synonyms": [
      "sure"
    ]
  },
  {
    "value": "Not really",
    "synonyms": [
      "Not really"
    ]
  },
  {
    "value": "Yeah",
    "synonyms": [
      "Yeah"
    ]
  },
  {
    "value": "yep",
    "synonyms": [
      "yep"
    ]
  },
  {
    "value": "yes",
    "synonyms": [
      "yes"
    ]
  },
  {
    "value": "yeahh",
    "synonyms": [
      "yeahh"
    ]
  },
  {
    "value": "Nah",
    "synonyms": [
      "Nah"
    ]
  },
  {
    "value": "nope",
    "synonyms": [
      "nope"
    ]
  }
]