[
  {
    "value": "for that reason",
    "synonyms": [
      "for that reason"
    ]
  },
  {
    "value": "as",
    "synonyms": [
      "as"
    ]
  },
  {
    "value": "on that account",
    "synonyms": [
      "on that account"
    ]
  },
  {
    "value": "consequently",
    "synonyms": [
      "consequently"
    ]
  },
  {
    "value": "because",
    "synonyms": [
      "because"
    ]
  },
  {
    "value": "accordingly",
    "synonyms": [
      "accordingly"
    ]
  },
  {
    "value": "that\u0027s why",
    "synonyms": [
      "that\u0027s why"
    ]
  },
  {
    "value": "hence",
    "synonyms": [
      "hence"
    ]
  },
  {
    "value": "therefore",
    "synonyms": [
      "therefore"
    ]
  },
  {
    "value": "thus",
    "synonyms": [
      "thus"
    ]
  },
  {
    "value": "since",
    "synonyms": [
      "since"
    ]
  },
  {
    "value": "as a result",
    "synonyms": [
      "as a result"
    ]
  }
]