[
  {
    "value": "buttercup",
    "synonyms": [
      "buttercup"
    ]
  },
  {
    "value": "sunflower",
    "synonyms": [
      "sunflower"
    ]
  },
  {
    "value": "orchids",
    "synonyms": [
      "orchids"
    ]
  },
  {
    "value": "peony",
    "synonyms": [
      "peony"
    ]
  },
  {
    "value": "daisy",
    "synonyms": [
      "daisy"
    ]
  },
  {
    "value": "lilac",
    "synonyms": [
      "lilac"
    ]
  },
  {
    "value": "camellia",
    "synonyms": [
      "camellia"
    ]
  },
  {
    "value": "tulip",
    "synonyms": [
      "tulip"
    ]
  },
  {
    "value": "carnation",
    "synonyms": [
      "carnation"
    ]
  },
  {
    "value": "common daisy",
    "synonyms": [
      "common daisy"
    ]
  },
  {
    "value": "dahlia",
    "synonyms": [
      "dahlia"
    ]
  },
  {
    "value": "garden roses",
    "synonyms": [
      "garden roses"
    ]
  },
  {
    "value": "tuberose",
    "synonyms": [
      "tuberose"
    ]
  },
  {
    "value": "freesia",
    "synonyms": [
      "freesia"
    ]
  },
  {
    "value": "rose",
    "synonyms": [
      "rose"
    ]
  },
  {
    "value": "Irises",
    "synonyms": [
      "Irises"
    ]
  }
]