[
  {
    "value": "10000",
    "synonyms": [
      "10000"
    ]
  },
  {
    "value": "80000",
    "synonyms": [
      "80000"
    ]
  },
  {
    "value": "12345",
    "synonyms": [
      "12345"
    ]
  },
  {
    "value": "200000",
    "synonyms": [
      "200000"
    ]
  },
  {
    "value": "100000",
    "synonyms": [
      "100000"
    ]
  },
  {
    "value": "4k",
    "synonyms": [
      "4k"
    ]
  },
  {
    "value": "50000",
    "synonyms": [
      "50000"
    ]
  },
  {
    "value": "30000",
    "synonyms": [
      "30000"
    ]
  }
]