[
  {
    "value": "August",
    "synonyms": [
      "August"
    ]
  },
  {
    "value": "July",
    "synonyms": [
      "July"
    ]
  },
  {
    "value": "January",
    "synonyms": [
      "January",
      "Jan"
    ]
  },
  {
    "value": "June",
    "synonyms": [
      "June"
    ]
  },
  {
    "value": "May",
    "synonyms": [
      "May"
    ]
  },
  {
    "value": "March",
    "synonyms": [
      "March"
    ]
  },
  {
    "value": "September",
    "synonyms": [
      "September"
    ]
  },
  {
    "value": "December",
    "synonyms": [
      "December"
    ]
  },
  {
    "value": "February",
    "synonyms": [
      "February"
    ]
  },
  {
    "value": "November",
    "synonyms": [
      "November"
    ]
  },
  {
    "value": "in January",
    "synonyms": [
      "in January"
    ]
  },
  {
    "value": "February",
    "synonyms": [
      "February",
      "Feb"
    ]
  },
  {
    "value": "April",
    "synonyms": [
      "April"
    ]
  },
  {
    "value": "October",
    "synonyms": [
      "October"
    ]
  }
]